feature,importance
rating,0.5579629468841188
price,0.07947507872395018
total_amount,0.07928750674651723
age,0.058532143168735944
month,0.037596063485145645
location_enc,0.03439363972059419
dow,0.029835244486504355
category_enc,0.02662386994696477
payment_enc,0.02426311396510635
quantity,0.020813174018304254
loyalty_enc,0.019650031889356285
year,0.015854619877011613
gender_enc,0.01571256708769036
